model,test_acc,test_loss,single_acc,single_loss
./models/keras\pt-fl-fbn-efficientnet_v2b0-d1024-do0.5-l11.e-04-l21.e-04-5224-second_stage.hdf5,0.6720150708068079,1.7423864365349095,0.9893048128342246,0.4364729183409372
./models/keras\pt-fl-fbn-efficientnet_v2b0-d1024-do0.5-l11.e-04-l21.e-04-5224.hdf5,0.410029881772119,3.346152696366266,0.986096256684492,0.3234976000776315
